ID,Churn
1.000000,Leave
6.000000,Stay
8.000000,Stay
11.000000,Stay
14.000000,Leave
17.000000,Stay
18.000000,Stay
21.000000,Stay
22.000000,Stay
23.000000,Stay
24.000000,Stay
29.000000,Leave
35.000000,Stay
36.000000,Leave
37.000000,Leave
38.000000,Leave
40.000000,Leave
42.000000,Stay
45.000000,Leave
48.000000,Leave
52.000000,Stay
53.000000,Stay
54.000000,Leave
60.000000,Leave
61.000000,Stay
62.000000,Stay
63.000000,Stay
65.000000,Leave
68.000000,Leave
71.000000,Stay
73.000000,Stay
74.000000,Stay
75.000000,Stay
77.000000,Leave
78.000000,Stay
79.000000,Leave
80.000000,Stay
81.000000,Stay
83.000000,Stay
84.000000,Stay
85.000000,Stay
86.000000,Stay
87.000000,Leave
88.000000,Stay
89.000000,Leave
90.000000,Stay
92.000000,Leave
94.000000,Leave
95.000000,Stay
96.000000,Leave
97.000000,Stay
104.000000,Leave
108.000000,Leave
109.000000,Leave
110.000000,Stay
111.000000,Leave
114.000000,Stay
117.000000,Stay
120.000000,Stay
121.000000,Leave
124.000000,Stay
127.000000,Stay
130.000000,Stay
133.000000,Stay
135.000000,Stay
136.000000,Stay
138.000000,Stay
139.000000,Stay
140.000000,Leave
142.000000,Stay
148.000000,Stay
154.000000,Leave
158.000000,Stay
160.000000,Stay
161.000000,Leave
166.000000,Leave
169.000000,Leave
174.000000,Leave
178.000000,Stay
180.000000,Leave
181.000000,Stay
182.000000,Leave
190.000000,Stay
191.000000,Leave
192.000000,Leave
194.000000,Stay
195.000000,Leave
198.000000,Stay
201.000000,Stay
203.000000,Stay
205.000000,Leave
206.000000,Stay
207.000000,Stay
209.000000,Stay
213.000000,Leave
214.000000,Stay
215.000000,Stay
218.000000,Stay
219.000000,Leave
220.000000,Stay
221.000000,Stay
222.000000,Leave
224.000000,Stay
225.000000,Stay
228.000000,Stay
229.000000,Stay
231.000000,Stay
232.000000,Stay
233.000000,Stay
234.000000,Stay
236.000000,Stay
237.000000,Stay
238.000000,Stay
239.000000,Stay
240.000000,Stay
241.000000,Stay
242.000000,Stay
243.000000,Stay
244.000000,Stay
246.000000,Stay
247.000000,Stay
249.000000,Stay
250.000000,Stay
254.000000,Stay
255.000000,Stay
257.000000,Stay
260.000000,Stay
261.000000,Stay
263.000000,Stay
264.000000,Stay
265.000000,Stay
266.000000,Leave
267.000000,Stay
270.000000,Stay
271.000000,Stay
272.000000,Stay
273.000000,Leave
276.000000,Stay
279.000000,Stay
280.000000,Leave
281.000000,Stay
283.000000,Stay
284.000000,Stay
285.000000,Stay
286.000000,Leave
288.000000,Stay
289.000000,Leave
290.000000,Leave
291.000000,Leave
295.000000,Leave
298.000000,Leave
302.000000,Stay
304.000000,Leave
305.000000,Leave
306.000000,Leave
308.000000,Leave
309.000000,Leave
310.000000,Leave
312.000000,Stay
313.000000,Stay
315.000000,Stay
317.000000,Leave
318.000000,Leave
320.000000,Stay
322.000000,Leave
326.000000,Leave
329.000000,Stay
331.000000,Leave
332.000000,Stay
333.000000,Stay
334.000000,Leave
335.000000,Stay
336.000000,Stay
337.000000,Leave
338.000000,Stay
339.000000,Stay
341.000000,Leave
343.000000,Stay
346.000000,Stay
349.000000,Leave
350.000000,Stay
351.000000,Stay
353.000000,Stay
354.000000,Stay
355.000000,Stay
356.000000,Leave
358.000000,Stay
360.000000,Stay
361.000000,Stay
363.000000,Stay
365.000000,Stay
370.000000,Stay
372.000000,Leave
374.000000,Leave
375.000000,Stay
377.000000,Leave
379.000000,Stay
382.000000,Stay
383.000000,Stay
384.000000,Leave
385.000000,Stay
386.000000,Stay
388.000000,Leave
389.000000,Stay
391.000000,Leave
392.000000,Stay
394.000000,Stay
398.000000,Leave
401.000000,Stay
404.000000,Leave
405.000000,Stay
407.000000,Stay
408.000000,Leave
410.000000,Stay
414.000000,Stay
418.000000,Stay
419.000000,Leave
421.000000,Leave
422.000000,Stay
423.000000,Leave
424.000000,Stay
426.000000,Stay
427.000000,Stay
428.000000,Stay
429.000000,Stay
431.000000,Leave
436.000000,Stay
438.000000,Leave
439.000000,Leave
440.000000,Leave
441.000000,Leave
442.000000,Stay
443.000000,Stay
444.000000,Leave
445.000000,Leave
446.000000,Leave
450.000000,Leave
455.000000,Stay
456.000000,Stay
458.000000,Leave
460.000000,Stay
461.000000,Leave
462.000000,Leave
463.000000,Leave
464.000000,Leave
465.000000,Stay
466.000000,Stay
467.000000,Stay
468.000000,Stay
469.000000,Stay
470.000000,Stay
471.000000,Stay
472.000000,Leave
473.000000,Stay
474.000000,Leave
475.000000,Leave
476.000000,Leave
477.000000,Stay
478.000000,Leave
479.000000,Stay
481.000000,Stay
484.000000,Leave
488.000000,Stay
491.000000,Stay
492.000000,Stay
493.000000,Stay
494.000000,Leave
495.000000,Stay
497.000000,Stay
498.000000,Stay
499.000000,Stay
500.000000,Stay
504.000000,Leave
505.000000,Stay
506.000000,Stay
508.000000,Stay
509.000000,Leave
510.000000,Stay
513.000000,Leave
518.000000,Stay
520.000000,Stay
523.000000,Stay
526.000000,Stay
529.000000,Stay
530.000000,Stay
533.000000,Stay
534.000000,Stay
535.000000,Stay
536.000000,Stay
541.000000,Leave
547.000000,Leave
548.000000,Leave
549.000000,Leave
550.000000,Leave
552.000000,Leave
554.000000,Stay
557.000000,Leave
560.000000,Leave
561.000000,Stay
564.000000,Leave
565.000000,Stay
566.000000,Leave
572.000000,Leave
573.000000,Leave
574.000000,Stay
575.000000,Leave
577.000000,Leave
580.000000,Leave
583.000000,Stay
585.000000,Stay
586.000000,Stay
587.000000,Stay
589.000000,Stay
591.000000,Stay
592.000000,Stay
593.000000,Leave
595.000000,Leave
596.000000,Stay
598.000000,Stay
599.000000,Leave
601.000000,Leave
602.000000,Leave
604.000000,Leave
606.000000,Leave
607.000000,Stay
608.000000,Leave
609.000000,Leave
616.000000,Leave
620.000000,Leave
621.000000,Leave
622.000000,Stay
623.000000,Leave
626.000000,Leave
629.000000,Stay
632.000000,Stay
633.000000,Leave
636.000000,Stay
639.000000,Stay
645.000000,Stay
647.000000,Stay
648.000000,Stay
650.000000,Stay
651.000000,Stay
652.000000,Leave
654.000000,Stay
656.000000,Stay
660.000000,Stay
666.000000,Leave
670.000000,Stay
672.000000,Stay
673.000000,Stay
678.000000,Leave
681.000000,Leave
686.000000,Leave
690.000000,Stay
692.000000,Leave
693.000000,Stay
694.000000,Leave
702.000000,Stay
703.000000,Leave
704.000000,Leave
706.000000,Stay
707.000000,Leave
710.000000,Stay
713.000000,Leave
714.000000,Leave
715.000000,Stay
717.000000,Stay
718.000000,Stay
719.000000,Stay
721.000000,Stay
725.000000,Leave
726.000000,Stay
730.000000,Leave
731.000000,Leave
732.000000,Stay
733.000000,Stay
734.000000,Leave
736.000000,Stay
737.000000,Stay
740.000000,Stay
741.000000,Stay
743.000000,Stay
744.000000,Stay
745.000000,Stay
746.000000,Stay
748.000000,Stay
749.000000,Stay
750.000000,Stay
751.000000,Leave
752.000000,Stay
753.000000,Stay
754.000000,Stay
755.000000,Stay
756.000000,Stay
758.000000,Stay
759.000000,Leave
761.000000,Stay
762.000000,Stay
766.000000,Stay
767.000000,Leave
769.000000,Stay
771.000000,Stay
772.000000,Stay
773.000000,Stay
775.000000,Stay
777.000000,Stay
778.000000,Leave
779.000000,Stay
782.000000,Stay
783.000000,Stay
784.000000,Stay
785.000000,Leave
788.000000,Stay
791.000000,Stay
792.000000,Stay
793.000000,Stay
795.000000,Stay
796.000000,Stay
797.000000,Stay
798.000000,Leave
800.000000,Leave
801.000000,Leave
802.000000,Stay
803.000000,Leave
807.000000,Leave
810.000000,Leave
814.000000,Stay
816.000000,Leave
817.000000,Stay
818.000000,Leave
820.000000,Leave
821.000000,Stay
822.000000,Leave
824.000000,Stay
825.000000,Stay
827.000000,Stay
829.000000,Leave
830.000000,Leave
832.000000,Stay
834.000000,Leave
838.000000,Leave
840.000000,Stay
841.000000,Leave
843.000000,Leave
844.000000,Stay
845.000000,Stay
846.000000,Leave
847.000000,Stay
848.000000,Stay
849.000000,Leave
850.000000,Stay
851.000000,Stay
853.000000,Leave
855.000000,Stay
857.000000,Stay
858.000000,Stay
861.000000,Leave
862.000000,Stay
863.000000,Leave
865.000000,Stay
866.000000,Stay
867.000000,Leave
868.000000,Leave
870.000000,Stay
872.000000,Stay
873.000000,Stay
875.000000,Stay
878.000000,Leave
882.000000,Stay
884.000000,Leave
886.000000,Leave
887.000000,Stay
889.000000,Stay
891.000000,Stay
894.000000,Stay
895.000000,Stay
896.000000,Leave
897.000000,Stay
898.000000,Stay
900.000000,Stay
901.000000,Stay
903.000000,Leave
904.000000,Stay
906.000000,Stay
910.000000,Leave
913.000000,Stay
916.000000,Stay
917.000000,Leave
919.000000,Stay
920.000000,Stay
926.000000,Stay
930.000000,Stay
931.000000,Leave
933.000000,Leave
934.000000,Stay
935.000000,Leave
936.000000,Leave
938.000000,Stay
939.000000,Stay
940.000000,Leave
941.000000,Stay
943.000000,Leave
948.000000,Stay
950.000000,Leave
951.000000,Leave
952.000000,Leave
953.000000,Leave
954.000000,Leave
955.000000,Leave
956.000000,Leave
957.000000,Leave
958.000000,Leave
962.000000,Stay
967.000000,Leave
968.000000,Stay
970.000000,Leave
972.000000,Stay
973.000000,Leave
974.000000,Leave
975.000000,Leave
976.000000,Stay
977.000000,Stay
978.000000,Stay
979.000000,Stay
980.000000,Stay
981.000000,Stay
982.000000,Stay
983.000000,Stay
984.000000,Leave
985.000000,Stay
986.000000,Stay
987.000000,Stay
988.000000,Leave
989.000000,Stay
990.000000,Leave
991.000000,Stay
993.000000,Stay
996.000000,Leave
1000.000000,Stay
1003.000000,Stay
1004.000000,Stay
1005.000000,Stay
1006.000000,Leave
1007.000000,Leave
1008.000000,Stay
1009.000000,Stay
1010.000000,Stay
1011.000000,Stay
1012.000000,Stay
1016.000000,Leave
1017.000000,Stay
1018.000000,Stay
1020.000000,Leave
1021.000000,Leave
1022.000000,Stay
1023.000000,Stay
1025.000000,Leave
1030.000000,Stay
1032.000000,Stay
1035.000000,Stay
1038.000000,Stay
1041.000000,Stay
1042.000000,Stay
1045.000000,Stay
1046.000000,Stay
1047.000000,Stay
1048.000000,Stay
1053.000000,Leave
1059.000000,Stay
1060.000000,Leave
1061.000000,Leave
1062.000000,Leave
1064.000000,Leave
1066.000000,Stay
1069.000000,Leave
1072.000000,Leave
1073.000000,Stay
1076.000000,Leave
1077.000000,Stay
1078.000000,Leave
1079.000000,Stay
1084.000000,Leave
1085.000000,Leave
1086.000000,Stay
1087.000000,Leave
1089.000000,Leave
1092.000000,Leave
1095.000000,Stay
1097.000000,Stay
1098.000000,Stay
1099.000000,Stay
1101.000000,Leave
1103.000000,Leave
1104.000000,Stay
1105.000000,Leave
1107.000000,Leave
1108.000000,Leave
1110.000000,Stay
1111.000000,Leave
1112.000000,Stay
1113.000000,Stay
1114.000000,Leave
1116.000000,Leave
1118.000000,Leave
1119.000000,Stay
1120.000000,Leave
1127.000000,Stay
1128.000000,Leave
1132.000000,Leave
1133.000000,Leave
1134.000000,Stay
1135.000000,Leave
1138.000000,Leave
1141.000000,Stay
1144.000000,Stay
1145.000000,Leave
1148.000000,Stay
1151.000000,Leave
1157.000000,Leave
1159.000000,Stay
1160.000000,Stay
1162.000000,Stay
1163.000000,Stay
1164.000000,Leave
1166.000000,Stay
1171.000000,Stay
1172.000000,Stay
1178.000000,Leave
1182.000000,Stay
1184.000000,Stay
1185.000000,Stay
1190.000000,Stay
1193.000000,Leave
1198.000000,Leave
1202.000000,Stay
1204.000000,Leave
1205.000000,Stay
1206.000000,Leave
1214.000000,Stay
1215.000000,Leave
1216.000000,Leave
1218.000000,Stay
1219.000000,Leave
1222.000000,Leave
1225.000000,Leave
1226.000000,Stay
1227.000000,Stay
1229.000000,Leave
1230.000000,Stay
1231.000000,Stay
1233.000000,Stay
1237.000000,Leave
1238.000000,Stay
1239.000000,Stay
1242.000000,Stay
1243.000000,Stay
1244.000000,Stay
1245.000000,Stay
1246.000000,Leave
1248.000000,Stay
1249.000000,Stay
1252.000000,Stay
1253.000000,Stay
1255.000000,Stay
1256.000000,Stay
1257.000000,Stay
1258.000000,Stay
1260.000000,Leave
1261.000000,Stay
1262.000000,Stay
1263.000000,Leave
1264.000000,Stay
1265.000000,Leave
1266.000000,Stay
1267.000000,Stay
1268.000000,Stay
1270.000000,Stay
1271.000000,Leave
1273.000000,Stay
1274.000000,Stay
1275.000000,Stay
1276.000000,Stay
1277.000000,Stay
1278.000000,Stay
1279.000000,Leave
1280.000000,Stay
1281.000000,Leave
1282.000000,Stay
1283.000000,Stay
1284.000000,Stay
1285.000000,Stay
1286.000000,Stay
1287.000000,Stay
1288.000000,Stay
1289.000000,Stay
1290.000000,Leave
1291.000000,Stay
1292.000000,Stay
1293.000000,Stay
1294.000000,Stay
1295.000000,Stay
1296.000000,Stay
1297.000000,Leave
1298.000000,Stay
1299.000000,Stay
1300.000000,Stay
1301.000000,Leave
1302.000000,Leave
1303.000000,Leave
1304.000000,Leave
1305.000000,Stay
1306.000000,Leave
1307.000000,Stay
1308.000000,Leave
1309.000000,Stay
1310.000000,Leave
1311.000000,Stay
1312.000000,Leave
1313.000000,Leave
1314.000000,Leave
1315.000000,Leave
1316.000000,Stay
1317.000000,Leave
1318.000000,Stay
1319.000000,Leave
1320.000000,Stay
1321.000000,Stay
1322.000000,Leave
1323.000000,Leave
1324.000000,Stay
1325.000000,Leave
1326.000000,Stay
1327.000000,Stay
1328.000000,Leave
1329.000000,Leave
1330.000000,Leave
1331.000000,Leave
1332.000000,Leave
1333.000000,Leave
1334.000000,Leave
1335.000000,Leave
1336.000000,Stay
1337.000000,Leave
1339.000000,Leave
1341.000000,Leave
1342.000000,Leave
1344.000000,Stay
1346.000000,Leave
1350.000000,Leave
1352.000000,Stay
1353.000000,Stay
1355.000000,Stay
1356.000000,Leave
1357.000000,Stay
1358.000000,Leave
1359.000000,Stay
1360.000000,Stay
1361.000000,Leave
1362.000000,Stay
1363.000000,Stay
1365.000000,Leave
1367.000000,Stay
1369.000000,Stay
1370.000000,Stay
1373.000000,Leave
1374.000000,Leave
1375.000000,Stay
1377.000000,Stay
1378.000000,Stay
1379.000000,Leave
1380.000000,Leave
1382.000000,Stay
1384.000000,Stay
1385.000000,Leave
1387.000000,Stay
1394.000000,Stay
1396.000000,Leave
1398.000000,Leave
1399.000000,Leave
1401.000000,Stay
1403.000000,Stay
1406.000000,Stay
1407.000000,Stay
1408.000000,Leave
1409.000000,Stay
1410.000000,Stay
1412.000000,Stay
1413.000000,Stay
1415.000000,Leave
1416.000000,Stay
1418.000000,Stay
1422.000000,Leave
1425.000000,Stay
1428.000000,Leave
1429.000000,Stay
1431.000000,Stay
1432.000000,Stay
1438.000000,Stay
1442.000000,Stay
1443.000000,Leave
1445.000000,Stay
1446.000000,Stay
1447.000000,Leave
1448.000000,Stay
1450.000000,Stay
1451.000000,Stay
1452.000000,Leave
1453.000000,Stay
1455.000000,Stay
1460.000000,Stay
1462.000000,Leave
1463.000000,Stay
1464.000000,Stay
1465.000000,Stay
1466.000000,Stay
1467.000000,Leave
1468.000000,Stay
1469.000000,Stay
1470.000000,Stay
1474.000000,Stay
1479.000000,Stay
1480.000000,Leave
1482.000000,Leave
1484.000000,Stay
1485.000000,Leave
1486.000000,Stay
1487.000000,Leave
1488.000000,Stay
1489.000000,Stay
1490.000000,Stay
1491.000000,Stay
1492.000000,Stay
1493.000000,Stay
1494.000000,Stay
1495.000000,Stay
1496.000000,Stay
1497.000000,Stay
1498.000000,Stay
1499.000000,Leave
1500.000000,Stay
1501.000000,Stay
1502.000000,Leave
1503.000000,Stay
1505.000000,Stay
1508.000000,Stay
1512.000000,Stay
1515.000000,Stay
1516.000000,Stay
1517.000000,Stay
1518.000000,Leave
1519.000000,Stay
1521.000000,Stay
1522.000000,Stay
1523.000000,Stay
1524.000000,Stay
1528.000000,Stay
1529.000000,Stay
1530.000000,Stay
1532.000000,Leave
1533.000000,Stay
1534.000000,Stay
1537.000000,Leave
1539.000000,Stay
1542.000000,Stay
1544.000000,Stay
1545.000000,Stay
1547.000000,Stay
1550.000000,Stay
1553.000000,Stay
1554.000000,Stay
1557.000000,Stay
1558.000000,Stay
1559.000000,Stay
1560.000000,Stay
1565.000000,Leave
1571.000000,Leave
1572.000000,Leave
1573.000000,Stay
1574.000000,Leave
1576.000000,Stay
1578.000000,Stay
1581.000000,Leave
1584.000000,Leave
1588.000000,Leave
1589.000000,Stay
1590.000000,Leave
1591.000000,Stay
1596.000000,Leave
1597.000000,Leave
1598.000000,Stay
1599.000000,Leave
1601.000000,Leave
1604.000000,Leave
1607.000000,Stay
1609.000000,Stay
1610.000000,Leave
1611.000000,Stay
1613.000000,Leave
1615.000000,Leave
1616.000000,Stay
1617.000000,Leave
1619.000000,Leave
1620.000000,Stay
1622.000000,Stay
1623.000000,Stay
1625.000000,Leave
1626.000000,Leave
1628.000000,Leave
1630.000000,Leave
1631.000000,Stay
1632.000000,Leave
1639.000000,Stay
1640.000000,Leave
1644.000000,Leave
1645.000000,Leave
1646.000000,Stay
1647.000000,Leave
1650.000000,Leave
1653.000000,Stay
1656.000000,Stay
1657.000000,Leave
1660.000000,Stay
1663.000000,Leave
1669.000000,Leave
1671.000000,Leave
1672.000000,Stay
1674.000000,Stay
1675.000000,Stay
1676.000000,Leave
1677.000000,Stay
1678.000000,Stay
1680.000000,Stay
1684.000000,Stay
1690.000000,Leave
1694.000000,Stay
1696.000000,Stay
1697.000000,Stay
1702.000000,Leave
1705.000000,Leave
1710.000000,Leave
1714.000000,Stay
1716.000000,Leave
1717.000000,Stay
1718.000000,Leave
1726.000000,Leave
1727.000000,Leave
1728.000000,Leave
1730.000000,Stay
1731.000000,Leave
1734.000000,Leave
1737.000000,Leave
1739.000000,Stay
1741.000000,Stay
1742.000000,Stay
1743.000000,Stay
1745.000000,Stay
1749.000000,Leave
1750.000000,Stay
1751.000000,Stay
1754.000000,Stay
1755.000000,Leave
1756.000000,Stay
1757.000000,Stay
1758.000000,Leave
1760.000000,Leave
1764.000000,Stay
1765.000000,Stay
1767.000000,Stay
1768.000000,Stay
1769.000000,Stay
1770.000000,Stay
1772.000000,Leave
1773.000000,Stay
1774.000000,Stay
1775.000000,Leave
1776.000000,Stay
1777.000000,Stay
1778.000000,Stay
1779.000000,Stay
1780.000000,Stay
1782.000000,Leave
1783.000000,Leave
1785.000000,Stay
1786.000000,Stay
1788.000000,Leave
1790.000000,Stay
1791.000000,Leave
1796.000000,Stay
1797.000000,Stay
1799.000000,Stay
1801.000000,Stay
1802.000000,Leave
1803.000000,Stay
1806.000000,Stay
1807.000000,Leave
1808.000000,Stay
1809.000000,Leave
1812.000000,Stay
1815.000000,Stay
1816.000000,Leave
1817.000000,Stay
1820.000000,Stay
1821.000000,Stay
1822.000000,Leave
1824.000000,Stay
1825.000000,Leave
1826.000000,Leave
1827.000000,Stay
1831.000000,Leave
1834.000000,Leave
1838.000000,Stay
1840.000000,Leave
1841.000000,Leave
1842.000000,Leave
1844.000000,Leave
1845.000000,Leave
1846.000000,Leave
1848.000000,Stay
1849.000000,Stay
1851.000000,Leave
1853.000000,Leave
1854.000000,Leave
1856.000000,Stay
1858.000000,Leave
1862.000000,Leave
1863.000000,Stay
1865.000000,Leave
1867.000000,Leave
1868.000000,Leave
1869.000000,Stay
1870.000000,Leave
1871.000000,Stay
1872.000000,Stay
1873.000000,Leave
1875.000000,Stay
1879.000000,Stay
1882.000000,Stay
1885.000000,Leave
1886.000000,Stay
1887.000000,Stay
1890.000000,Stay
1891.000000,Leave
1892.000000,Leave
1894.000000,Stay
1896.000000,Stay
1897.000000,Leave
1899.000000,Stay
1902.000000,Stay
1906.000000,Stay
1908.000000,Leave
1910.000000,Stay
1911.000000,Stay
1913.000000,Stay
1915.000000,Stay
1918.000000,Stay
1919.000000,Leave
1922.000000,Stay
1924.000000,Stay
1925.000000,Stay
1927.000000,Leave
1928.000000,Stay
1930.000000,Stay
1934.000000,Leave
1937.000000,Stay
1940.000000,Leave
1941.000000,Leave
1943.000000,Stay
1944.000000,Stay
1950.000000,Stay
1954.000000,Stay
1955.000000,Leave
1957.000000,Leave
1958.000000,Stay
1959.000000,Leave
1960.000000,Stay
1962.000000,Stay
1963.000000,Leave
1964.000000,Leave
1965.000000,Stay
1967.000000,Stay
1972.000000,Stay
1974.000000,Leave
1975.000000,Stay
1976.000000,Leave
1977.000000,Leave
1978.000000,Leave
1979.000000,Leave
1980.000000,Stay
1981.000000,Leave
1982.000000,Leave
1986.000000,Stay
1991.000000,Stay
1992.000000,Stay
1994.000000,Leave
1996.000000,Stay
1997.000000,Leave
1998.000000,Leave
1999.000000,Leave
2000.000000,Stay
2001.000000,Stay
2002.000000,Stay
2003.000000,Stay
2004.000000,Stay
2005.000000,Stay
2006.000000,Leave
2007.000000,Stay
2008.000000,Leave
2009.000000,Stay
2010.000000,Leave
2011.000000,Stay
2012.000000,Leave
2013.000000,Stay
2014.000000,Leave
2015.000000,Stay
2017.000000,Stay
2020.000000,Leave
2024.000000,Stay
2027.000000,Stay
2028.000000,Stay
2029.000000,Stay
2030.000000,Leave
2031.000000,Stay
2032.000000,Stay
2033.000000,Stay
2034.000000,Stay
2035.000000,Stay
2036.000000,Stay
2040.000000,Leave
2041.000000,Stay
2042.000000,Stay
2044.000000,Leave
2045.000000,Leave
2046.000000,Stay
2050.000000,Leave
2052.000000,Stay
2056.000000,Stay
2057.000000,Stay
2060.000000,Stay
2061.000000,Stay
2062.000000,Stay
2063.000000,Stay
2064.000000,Leave
2068.000000,Leave
2071.000000,Leave
2073.000000,Stay
2078.000000,Leave
2082.000000,Leave
2083.000000,Leave
2084.000000,Stay
2085.000000,Leave
2087.000000,Leave
2090.000000,Stay
2093.000000,Leave
2094.000000,Leave
2097.000000,Stay
2098.000000,Leave
2101.000000,Stay
2102.000000,Stay
2104.000000,Stay
2106.000000,Stay
2109.000000,Leave
2114.000000,Stay
2117.000000,Leave
2119.000000,Stay
2122.000000,Stay
2123.000000,Leave
2124.000000,Stay
2131.000000,Stay
2132.000000,Leave
2134.000000,Leave
2135.000000,Stay
2136.000000,Stay
2140.000000,Stay
2141.000000,Stay
2144.000000,Stay
2145.000000,Stay
2146.000000,Stay
2147.000000,Leave
2148.000000,Stay
2149.000000,Stay
2150.000000,Stay
2151.000000,Stay
2153.000000,Stay
2154.000000,Leave
2155.000000,Stay
2158.000000,Leave
2159.000000,Stay
2162.000000,Leave
2165.000000,Leave
2167.000000,Stay
2168.000000,Stay
2169.000000,Leave
2173.000000,Stay
2174.000000,Leave
2175.000000,Stay
2176.000000,Leave
2181.000000,Stay
2182.000000,Leave
2183.000000,Stay
2184.000000,Leave
2185.000000,Stay
2186.000000,Stay
2188.000000,Stay
2189.000000,Stay
2191.000000,Stay
2195.000000,Leave
2198.000000,Stay
2201.000000,Leave
2202.000000,Leave
2204.000000,Stay
2205.000000,Stay
2207.000000,Stay
2211.000000,Stay
2215.000000,Stay
2216.000000,Stay
2217.000000,Leave
2218.000000,Stay
2220.000000,Stay
2221.000000,Stay
2222.000000,Leave
2223.000000,Stay
2225.000000,Leave
2230.000000,Stay
2232.000000,Leave
2233.000000,Stay
2234.000000,Stay
2235.000000,Leave
2236.000000,Stay
2237.000000,Leave
2238.000000,Stay
2239.000000,Leave
2240.000000,Leave
2243.000000,Stay
2247.000000,Stay
2248.000000,Stay
2251.000000,Leave
2252.000000,Stay
2253.000000,Stay
2254.000000,Stay
2255.000000,Stay
2256.000000,Stay
2257.000000,Leave
2258.000000,Leave
2259.000000,Leave
2260.000000,Stay
2261.000000,Leave
2262.000000,Stay
2264.000000,Stay
2267.000000,Leave
2270.000000,Stay
2273.000000,Stay
2274.000000,Stay
2275.000000,Stay
2276.000000,Leave
2277.000000,Leave
2279.000000,Stay
2280.000000,Stay
2281.000000,Stay
2282.000000,Stay
2285.000000,Leave
2286.000000,Stay
2287.000000,Stay
2289.000000,Leave
2290.000000,Leave
2291.000000,Stay
2294.000000,Leave
2300.000000,Stay
2301.000000,Stay
2304.000000,Stay
2305.000000,Stay
2306.000000,Stay
2307.000000,Stay
2308.000000,Leave
2312.000000,Leave
2315.000000,Leave
2317.000000,Stay
2322.000000,Leave
2326.000000,Leave
2327.000000,Leave
2328.000000,Leave
2329.000000,Leave
2331.000000,Leave
2334.000000,Stay
2337.000000,Stay
2338.000000,Leave
2341.000000,Stay
2342.000000,Leave
2347.000000,Leave
2351.000000,Leave
2352.000000,Leave
2353.000000,Stay
2354.000000,Leave
2356.000000,Leave
2359.000000,Stay
2362.000000,Stay
2363.000000,Leave
2366.000000,Stay
2367.000000,Leave
2371.000000,Stay
2372.000000,Stay
2373.000000,Stay
2377.000000,Stay
2378.000000,Stay
2383.000000,Stay
2386.000000,Leave
2388.000000,Leave
2391.000000,Leave
2392.000000,Leave
2393.000000,Stay
2400.000000,Stay
2401.000000,Leave
2403.000000,Leave
2404.000000,Stay
2405.000000,Stay
2409.000000,Leave
2410.000000,Stay
2413.000000,Stay
2414.000000,Stay
2415.000000,Stay
2416.000000,Leave
2417.000000,Stay
2418.000000,Stay
2419.000000,Stay
2420.000000,Stay
2422.000000,Stay
2423.000000,Leave
2424.000000,Stay
2427.000000,Leave
2428.000000,Stay
2429.000000,Stay
2431.000000,Leave
2434.000000,Leave
2436.000000,Stay
2437.000000,Stay
2438.000000,Leave
2442.000000,Stay
2443.000000,Leave
2444.000000,Leave
2445.000000,Leave
2451.000000,Stay
2452.000000,Stay
2454.000000,Leave
2455.000000,Stay
2457.000000,Leave
2458.000000,Stay
2460.000000,Stay
2464.000000,Leave
2467.000000,Stay
2470.000000,Leave
2471.000000,Stay
2473.000000,Stay
2474.000000,Stay
2480.000000,Stay
2484.000000,Stay
2485.000000,Stay
2486.000000,Leave
2487.000000,Stay
2489.000000,Stay
2490.000000,Stay
2491.000000,Leave
2492.000000,Stay
2494.000000,Leave
2499.000000,Stay
2501.000000,Leave
2502.000000,Stay
2503.000000,Leave
2504.000000,Leave
2505.000000,Leave
2506.000000,Stay
2507.000000,Stay
2508.000000,Stay
2509.000000,Leave
2512.000000,Stay
2516.000000,Stay
2517.000000,Stay
2520.000000,Leave
2526.000000,Stay
2527.000000,Stay
2528.000000,Leave
2529.000000,Leave
2530.000000,Leave
2531.000000,Stay
2533.000000,Stay
2536.000000,Leave
2539.000000,Stay
2542.000000,Stay
2543.000000,Leave
2544.000000,Stay
2545.000000,Leave
2546.000000,Stay
2548.000000,Stay
2549.000000,Stay
2550.000000,Leave
2551.000000,Stay
2554.000000,Leave
2555.000000,Stay
2556.000000,Stay
2558.000000,Leave
2559.000000,Leave
2560.000000,Stay
2563.000000,Leave
2565.000000,Stay
2569.000000,Stay
2570.000000,Stay
2573.000000,Stay
2574.000000,Stay
2575.000000,Stay
2576.000000,Stay
2577.000000,Leave
2581.000000,Leave
2584.000000,Leave
2586.000000,Stay
2591.000000,Leave
2595.000000,Leave
2596.000000,Leave
2597.000000,Leave
2598.000000,Leave
2599.000000,Stay
2600.000000,Stay
2601.000000,Stay
2602.000000,Stay
2603.000000,Stay
2604.000000,Stay
2605.000000,Stay
2606.000000,Leave
2607.000000,Leave
2608.000000,Stay
2609.000000,Stay
2610.000000,Stay
2611.000000,Leave
2612.000000,Stay
2613.000000,Stay
2615.000000,Stay
2616.000000,Stay
2617.000000,Stay
2618.000000,Stay
2619.000000,Stay
2620.000000,Stay
2621.000000,Stay
2622.000000,Leave
2623.000000,Stay
2624.000000,Stay
2627.000000,Stay
2630.000000,Leave
2632.000000,Leave
2635.000000,Stay
2636.000000,Leave
2637.000000,Stay
2644.000000,Stay
2645.000000,Leave
2647.000000,Leave
2648.000000,Stay
2649.000000,Stay
2653.000000,Stay
2654.000000,Stay
2657.000000,Stay
2658.000000,Stay
2659.000000,Stay
2660.000000,Leave
2661.000000,Stay
2662.000000,Stay
2663.000000,Stay
2664.000000,Stay
2666.000000,Stay
2667.000000,Stay
2668.000000,Stay
2671.000000,Stay
2672.000000,Stay
2673.000000,Stay
2675.000000,Leave
2678.000000,Leave
2680.000000,Stay
2681.000000,Leave
2682.000000,Leave
2685.000000,Stay
2687.000000,Leave
2688.000000,Stay
2689.000000,Leave
2695.000000,Leave
2696.000000,Stay
2698.000000,Stay
2699.000000,Stay
2701.000000,Leave
2702.000000,Stay
2704.000000,Stay
2708.000000,Leave
2711.000000,Stay
2714.000000,Leave
2715.000000,Stay
2717.000000,Stay
2718.000000,Stay
2720.000000,Stay
2724.000000,Stay
2728.000000,Stay
2729.000000,Stay
2730.000000,Leave
2731.000000,Stay
2733.000000,Stay
2734.000000,Stay
2735.000000,Stay
2736.000000,Stay
2738.000000,Leave
2743.000000,Stay
2745.000000,Leave
2746.000000,Stay
2747.000000,Leave
2748.000000,Leave
2749.000000,Leave
2750.000000,Leave
2751.000000,Stay
2752.000000,Stay
2753.000000,Leave
2756.000000,Stay
2760.000000,Stay
2761.000000,Leave
2764.000000,Leave
2770.000000,Leave
2771.000000,Leave
2772.000000,Stay
2773.000000,Stay
2774.000000,Leave
2775.000000,Stay
2777.000000,Stay
2780.000000,Leave
2783.000000,Stay
2786.000000,Stay
2787.000000,Stay
2788.000000,Stay
2789.000000,Leave
2790.000000,Stay
2792.000000,Stay
2793.000000,Stay
2794.000000,Stay
2795.000000,Stay
2798.000000,Leave
2799.000000,Stay
2800.000000,Stay
2802.000000,Leave
2803.000000,Leave
2804.000000,Stay
2807.000000,Leave
2813.000000,Stay
2814.000000,Stay
2817.000000,Stay
2818.000000,Stay
2819.000000,Stay
2820.000000,Stay
2821.000000,Leave
2825.000000,Leave
2827.000000,Leave
2829.000000,Stay
2833.000000,Stay
2834.000000,Stay
2837.000000,Stay
2838.000000,Stay
2839.000000,Stay
2840.000000,Stay
2841.000000,Leave
2845.000000,Leave
2848.000000,Leave
2850.000000,Stay
2851.000000,Leave
2852.000000,Leave
2853.000000,Leave
2854.000000,Leave
2855.000000,Leave
2856.000000,Leave
2857.000000,Leave
2858.000000,Leave
2859.000000,Leave
2860.000000,Leave
2861.000000,Leave
2862.000000,Leave
2863.000000,Leave
2864.000000,Leave
2865.000000,Leave
2866.000000,Leave
2867.000000,Stay
2868.000000,Leave
2870.000000,Stay
2871.000000,Leave
2874.000000,Stay
2875.000000,Stay
2879.000000,Stay
2881.000000,Stay
2886.000000,Stay
2891.000000,Stay
2894.000000,Leave
2896.000000,Leave
2899.000000,Stay
2900.000000,Leave
2901.000000,Stay
2908.000000,Stay
2909.000000,Leave
2911.000000,Leave
2912.000000,Stay
2913.000000,Stay
2917.000000,Stay
2918.000000,Stay
2921.000000,Stay
2922.000000,Stay
2923.000000,Stay
2924.000000,Stay
2925.000000,Stay
2926.000000,Stay
2927.000000,Stay
2928.000000,Stay
2930.000000,Stay
2931.000000,Stay
2932.000000,Stay
2935.000000,Leave
2936.000000,Stay
2937.000000,Stay
2939.000000,Leave
2942.000000,Leave
2944.000000,Stay
2945.000000,Stay
2946.000000,Leave
2951.000000,Leave
2952.000000,Stay
2953.000000,Leave
2959.000000,Stay
2960.000000,Stay
2962.000000,Stay
2963.000000,Stay
2965.000000,Stay
2966.000000,Stay
2968.000000,Stay
2972.000000,Leave
2975.000000,Stay
2978.000000,Leave
2979.000000,Stay
2981.000000,Stay
2982.000000,Stay
2984.000000,Stay
2988.000000,Stay
2992.000000,Stay
2993.000000,Stay
2994.000000,Leave
2995.000000,Stay
2997.000000,Stay
2998.000000,Stay
2999.000000,Leave
3000.000000,Stay
3002.000000,Leave
3007.000000,Stay
3009.000000,Leave
3010.000000,Stay
3011.000000,Leave
3012.000000,Leave
3013.000000,Stay
3014.000000,Stay
3015.000000,Stay
3016.000000,Leave
3017.000000,Leave
3020.000000,Stay
3024.000000,Stay
3025.000000,Stay
3028.000000,Stay
3034.000000,Stay
3035.000000,Stay
3036.000000,Leave
3037.000000,Stay
3038.000000,Leave
3039.000000,Stay
3041.000000,Stay
3044.000000,Leave
3047.000000,Stay
3050.000000,Stay
3051.000000,Stay
3052.000000,Stay
3053.000000,Leave
3054.000000,Stay
3056.000000,Leave
3057.000000,Stay
3058.000000,Stay
3059.000000,Stay
3062.000000,Leave
3063.000000,Stay
3064.000000,Stay
3066.000000,Stay
3067.000000,Leave
3068.000000,Stay
3071.000000,Leave
3077.000000,Stay
3078.000000,Stay
3081.000000,Stay
3082.000000,Stay
3083.000000,Stay
3084.000000,Stay
3085.000000,Leave
3089.000000,Leave
3092.000000,Leave
3094.000000,Stay
3099.000000,Leave
3103.000000,Leave
3104.000000,Leave
3105.000000,Leave
3106.000000,Leave
3108.000000,Leave
3111.000000,Stay
3114.000000,Stay
3115.000000,Leave
3118.000000,Stay
3119.000000,Leave
3123.000000,Stay
3125.000000,Stay
3130.000000,Stay
3135.000000,Stay
3138.000000,Leave
3140.000000,Stay
3143.000000,Stay
3144.000000,Leave
3145.000000,Stay
3152.000000,Stay
3153.000000,Leave
3155.000000,Leave
3156.000000,Stay
3157.000000,Stay
3158.000000,Stay
3161.000000,Stay
3162.000000,Stay
3165.000000,Stay
3166.000000,Leave
3167.000000,Stay
3168.000000,Stay
3169.000000,Leave
3170.000000,Stay
3171.000000,Stay
3172.000000,Stay
3174.000000,Stay
3175.000000,Leave
3176.000000,Stay
3177.000000,Stay
3179.000000,Leave
3180.000000,Stay
3183.000000,Leave
3186.000000,Stay
3188.000000,Stay
3189.000000,Stay
3190.000000,Leave
3194.000000,Stay
3195.000000,Leave
3196.000000,Stay
3197.000000,Leave
3204.000000,Stay
3206.000000,Stay
3207.000000,Stay
3209.000000,Leave
3210.000000,Stay
3212.000000,Stay
3216.000000,Leave
3219.000000,Stay
3222.000000,Leave
3223.000000,Leave
3225.000000,Stay
3226.000000,Stay
3228.000000,Stay
3232.000000,Stay
3236.000000,Stay
3237.000000,Stay
3239.000000,Stay
3241.000000,Stay
3242.000000,Stay
3243.000000,Leave
3244.000000,Stay
3251.000000,Stay
3253.000000,Leave
3254.000000,Stay
3259.000000,Stay
3261.000000,Leave
3264.000000,Stay
3268.000000,Stay
3269.000000,Stay
3272.000000,Leave
3278.000000,Leave
3279.000000,Stay
3280.000000,Leave
3281.000000,Leave
3282.000000,Leave
3283.000000,Stay
3285.000000,Stay
3288.000000,Leave
3291.000000,Stay
3294.000000,Stay
3295.000000,Stay
3296.000000,Stay
3297.000000,Leave
3298.000000,Stay
3300.000000,Stay
3301.000000,Stay
3302.000000,Stay
3303.000000,Stay
3306.000000,Leave
3307.000000,Leave
3308.000000,Leave
3310.000000,Stay
3311.000000,Leave
3312.000000,Stay
3315.000000,Leave
3317.000000,Stay
3321.000000,Stay
3322.000000,Stay
3325.000000,Stay
3326.000000,Stay
3327.000000,Stay
3328.000000,Stay
3329.000000,Leave
3333.000000,Leave
3336.000000,Leave
3338.000000,Stay
3343.000000,Leave
3347.000000,Leave
3348.000000,Leave
3349.000000,Stay
3350.000000,Leave
3352.000000,Leave
3355.000000,Stay
3358.000000,Stay
3359.000000,Leave
3362.000000,Leave
3363.000000,Stay
3367.000000,Stay
3369.000000,Stay
3374.000000,Stay
3379.000000,Stay
3382.000000,Leave
3384.000000,Leave
3387.000000,Stay
3388.000000,Leave
3389.000000,Stay
3396.000000,Stay
3397.000000,Leave
3399.000000,Stay
3400.000000,Stay
3401.000000,Stay
3402.000000,Stay
3405.000000,Stay
3406.000000,Stay
3409.000000,Stay
3410.000000,Stay
3411.000000,Leave
3412.000000,Stay
3413.000000,Leave
3414.000000,Stay
3415.000000,Stay
3416.000000,Stay
3418.000000,Stay
3419.000000,Leave
3420.000000,Stay
3423.000000,Leave
3424.000000,Stay
3425.000000,Stay
3427.000000,Leave
3430.000000,Leave
3432.000000,Stay
3433.000000,Stay
3434.000000,Stay
3438.000000,Stay
3439.000000,Stay
3440.000000,Stay
3441.000000,Leave
3448.000000,Stay
3450.000000,Stay
3451.000000,Stay
3453.000000,Stay
3454.000000,Stay
3456.000000,Stay
3460.000000,Leave
3463.000000,Stay
3466.000000,Leave
3467.000000,Stay
3469.000000,Stay
3470.000000,Stay
3476.000000,Stay
3480.000000,Stay
3481.000000,Stay
3483.000000,Stay
3485.000000,Stay
3486.000000,Stay
3487.000000,Leave
3488.000000,Stay
3495.000000,Stay
3497.000000,Leave
3498.000000,Stay
3503.000000,Stay
3505.000000,Leave
3508.000000,Stay
3512.000000,Stay
3513.000000,Stay
3516.000000,Leave
3522.000000,Stay
3523.000000,Stay
3524.000000,Leave
3525.000000,Leave
3526.000000,Leave
3527.000000,Stay
3529.000000,Stay
3532.000000,Leave
3535.000000,Stay
3538.000000,Stay
3539.000000,Stay
3540.000000,Stay
3541.000000,Leave
3542.000000,Leave
3544.000000,Stay
3545.000000,Leave
3546.000000,Stay
3547.000000,Stay
3550.000000,Leave
3551.000000,Leave
3552.000000,Leave
3554.000000,Leave
3555.000000,Leave
3556.000000,Leave
3559.000000,Leave
3565.000000,Stay
3566.000000,Stay
3569.000000,Stay
3570.000000,Stay
3571.000000,Stay
3572.000000,Stay
3573.000000,Leave
3577.000000,Stay
3580.000000,Leave
3582.000000,Stay
3587.000000,Stay
3591.000000,Leave
3592.000000,Leave
3593.000000,Leave
3594.000000,Leave
3596.000000,Leave
3599.000000,Stay
3602.000000,Stay
3603.000000,Leave
3606.000000,Stay
3607.000000,Leave
3611.000000,Stay
3613.000000,Stay
3618.000000,Stay
3623.000000,Stay
3626.000000,Leave
3628.000000,Leave
3631.000000,Stay
3632.000000,Leave
3633.000000,Stay
3640.000000,Stay
3641.000000,Leave
3643.000000,Leave
3644.000000,Stay
3645.000000,Stay
3649.000000,Stay
3650.000000,Stay
3653.000000,Stay
3654.000000,Stay
3655.000000,Leave
3656.000000,Stay
3657.000000,Leave
3658.000000,Stay
3659.000000,Stay
3660.000000,Stay
3662.000000,Stay
3663.000000,Leave
3664.000000,Stay
3667.000000,Leave
3668.000000,Stay
3671.000000,Leave
3672.000000,Leave
3673.000000,Leave
3674.000000,Leave
3675.000000,Leave
3676.000000,Stay
3677.000000,Stay
3678.000000,Leave
3679.000000,Leave
3680.000000,Leave
3681.000000,Leave
3682.000000,Stay
3683.000000,Leave
3684.000000,Stay
3685.000000,Leave
3686.000000,Leave
3687.000000,Leave
3688.000000,Leave
3689.000000,Leave
3690.000000,Stay
3692.000000,Stay
3694.000000,Stay
3695.000000,Stay
3696.000000,Leave
3697.000000,Leave
3698.000000,Stay
3699.000000,Leave
3700.000000,Stay
3701.000000,Leave
3702.000000,Leave
3703.000000,Leave
3704.000000,Leave
3705.000000,Stay
3706.000000,Stay
3707.000000,Stay
3708.000000,Stay
3709.000000,Leave
3710.000000,Leave
3711.000000,Stay
3712.000000,Leave
3713.000000,Stay
3714.000000,Stay
3715.000000,Leave
3716.000000,Leave
3717.000000,Leave
3718.000000,Leave
3719.000000,Leave
3720.000000,Stay
3721.000000,Leave
3722.000000,Leave
3723.000000,Leave
3724.000000,Stay
3725.000000,Stay
3727.000000,Stay
3728.000000,Leave
3729.000000,Stay
3730.000000,Stay
3731.000000,Leave
3732.000000,Stay
3739.000000,Stay
3741.000000,Leave
3742.000000,Stay
3747.000000,Stay
3749.000000,Leave
3752.000000,Stay
3756.000000,Stay
3757.000000,Stay
3760.000000,Leave
3766.000000,Leave
3767.000000,Leave
3768.000000,Leave
3769.000000,Leave
3770.000000,Leave
3771.000000,Stay
3773.000000,Stay
3776.000000,Leave
3779.000000,Stay
3782.000000,Stay
3783.000000,Stay
3784.000000,Stay
3785.000000,Leave
3786.000000,Stay
3788.000000,Stay
3789.000000,Stay
3790.000000,Stay
3791.000000,Stay
3794.000000,Leave
3795.000000,Leave
3796.000000,Stay
3798.000000,Stay
3799.000000,Leave
3800.000000,Stay
3801.000000,Stay
3803.000000,Stay
3805.000000,Stay
3806.000000,Stay
3808.000000,Stay
3811.000000,Stay
3821.000000,Leave
3822.000000,Leave
3823.000000,Leave
3824.000000,Leave
3825.000000,Leave
